{
  "dataset-econ-fdebce85": {
    "knn": [
      {
        "field": "vector",
        "query_vector": [
          0.403922,
          0.733333,
          -0.694118,
          0.717647,
          0.827451,
          0.129412,
          -0.984314,
          0.780392,
          -0.443137,
          -0.537255,
          -0.427451,
          0.843137,
          -0.466667,
          0.552941,
          -0.937255,
          -0.011765,
          0.764706,
          0.380392,
          0.380392,
          -0.098039,
          -0.756863,
          -0.184314,
          -0.372549,
          -0.435294,
          -0.937255,
          -0.262745,
          0.403922,
          0.905882,
          0.419608,
          -0.482353,
          -0.380392,
          -0.082353
        ],
        "k": 10,
        "num_candidates": 100,
        "boost": 0.07
      }
    ],
    "size": 10,
    "query": {
      "bool": {
        "must_not": [
          {
            "term": {
              "deleted": true
            }
          },
          {
            "term": {
              "enabled": false
            }
          }
        ],
        "must": [
          {
            "terms": {
              "metadata.file_id": [
                "file-c9080c10-8ffe-4446-a8f1-331893ca4713",
                "file-f641c441-f911-49e4-9842-3b54b208bbe5",
                "file-927e1619-80be-465f-bbf3-a2c4dc471b7f",
                "file-d78155f3-c923-4fe1-9456-b799da8ac686",
                "file-05048e7d-cdda-4ddf-a1b8-7532f45780be",
                "file-d80f9b62-4052-4d05-a113-a3f6b77769b2",
                "file-9c619c0d-80e6-404c-b03c-acebcc9dd36c",
                "file-6847b314-cbf4-4cd4-9b5d-70fad7c0bf06",
                "file-e667fdc2-7e38-4c8a-bf6d-55b17528b681",
                "file-00adb4cd-fa8e-45a9-af02-07424268dbc2",
                "file-87f0b03d-2ddd-46e4-93d1-1c609aa85658",
                "file-3d496cd5-a8bb-4184-bb59-9976c8748249",
                "file-ece47054-05be-40e5-a180-61204089bc99",
                "file-e426c848-b63f-4532-9ac4-07eb61a21e2c",
                "file-b879f614-b2b5-4417-916f-8ad39d43caad",
                "file-6258acf2-d502-42e2-9f39-34863643f522",
                "file-fbfe659b-2586-4ca3-8462-a8ce48f13e88",
                "file-5dbf7635-81c9-4d2d-8172-f777132fe538",
                "file-8db60389-b6d2-441b-aba3-dd911b625f84",
                "file-37048bd2-c068-4c97-bb69-bc5451aca258",
                "file-734a70cf-a599-4c01-a62c-e1d76514da9f",
                "file-0a99900a-f892-42f5-8b4c-bab4040e34c1",
                "file-0776d473-4e41-4a9d-bc14-1c72b1e2592e",
                "file-07f224af-ce01-4a62-94fc-ca74e8d740c8",
                "file-ca820d37-b15b-4d09-9eaf-755b8a76a621",
                "file-24bcd7be-364b-4dff-8d28-b9f982853f69",
                "file-f60f43ca-5b19-4363-9b0a-b93be92b81f4",
                "file-4c055fc4-a250-4a5d-99ba-4b48f769cac5",
                "file-1d51d8b2-cd30-47b4-91eb-5c91503e7737",
                "file-82f49133-8170-465d-ac48-50c1f2920ef4",
                "file-118d7e43-e72d-4e89-b323-18c17d808601",
                "file-cfc83d76-c7a4-42a2-b856-abd27fb0fbfd",
                "file-66317b54-2082-4be2-8ac0-b3177a3de799",
                "file-5abac45f-8a08-4e14-8703-8b4fe31215cd",
                "file-99b4cb48-97e9-42f1-823f-be53e420d518",
                "file-4100242b-146f-452c-8917-15368e970eb7",
                "file-eba23985-d7d0-4d5a-bef3-3e95f2e2cb19",
                "file-c7a78f2a-0a07-4c4a-9842-287681d9fb16",
                "file-3c4dcfe7-ebb6-4385-aeee-3e1c024d35de",
                "file-c9e0bdaa-6543-44b8-b691-237cfd80fbb2",
                "file-2c3fd912-685f-4a24-babe-f6a2eeda1612",
                "file-d89a966a-e9a4-4d64-abee-7940cb21cadc",
                "file-844638c3-d481-482b-a4e3-26838a23a93a",
                "file-6469f1ef-3d42-4a1d-af10-8f7e0999e259",
                "file-9b6306af-5f02-4333-b490-9af86f87c9a8"
              ]
            }
          }
        ],
        "should": [
          {
            "match": {
              "text": {
                "query": "What is Econ?",
                "boost": 1
              }
            }
          }
        ]
      }
    }
  }
}